Workbook
Name Analyst: Internal!$D$28:$H$28
Name Developer: Internal!$D$29:$I$29
Name Manager: Internal!$D$27:$I$27
Name Operator: Internal!$D$31:$J$31
Name Other: Internal!$D$32
Name Student: Internal!$D$26:$G$26
Name Tester: Internal!$D$30:$I$30

Sheet Copyright
B2: Copyright
B4: # Planning-Template.xlsx Copyright (C) 2012-2026 Rafael Corchuelo. In keeping with the traditional purpose of furthering education and research, it is the policy of the copyright owner to permit non-commercial use and redistribution of this software. It has been tested carefully, but it is not guaranteed for any particular purposes. The copyright owner does not offer any warranties or representations, nor do they accept any liabilities with respect to them.

Sheet Abstract
B2: Abstract
B4: This spreadsheet is intended to facilitate planning on the tasks of your project. Please, share it in your workgroup and closely follow the methodology taught.
C8: Help comments
C9: Enter configuration data in these cells
C10: Positive data.
C11: Negative data.
C12: Warning messages.
C13: Internal data. Do not change them.

Sheet Identification
B2: Identification
B4: Please, identify your workgroup and its members in this form. Use format "Surnames, Names" to write your full name as written in you official ID document; make sure that you write your USE corporate email, not your personal email.
B10: Group code: | E10: G010
B12: Student #1
B13: Name: | E13: Buzon Muñoz | H13: , | I13: Manuel Zoilo
B14: USE Email: | E14: manbuzmun | G14: @alum.us.es /@us.es
B16: Student #2
B17: Name: | E17: Prieto Fernández | H17: , | I17: Juan
B18: USE Email: | E18: juaprifer | G18: @alum.us.es /@us.es
B20: Student #3
B21: Name: | E21: Lavado Corredera | H21: , | I21: Manuel
B22: USE Email: | E22: manlavcor | G22: @alum.us.es /@us.es
B24: Student #4
B25: Name: | E25: Orta Pérez | H25: , | I25: Manuel
B26: USE Email: | E26: manortper1 | G26: @alum.us.es /@us.es
B28: Student #5
B29: Name: | E29: Rodríguez Pérez | H29: , | I29: Santiago
B30: USE Email: | E30: sanrodper | G30: @alum.us.es /@us.es

Sheet D01
C2: Deliverable D01
C4: Use this form to document the tasks that you perform in your projects. Please, review the colour code in the "Abstract" sheet. In the exceptional case that you need to perform more tasks than expected, add them at the end.
C6: Costs | D6: Expected: | E6: =SUM(N11:N110) -> 4330
D7: Actual: | E7: =SUM(O11:O110) -> 1121
J9: Execution period | L9: Workload (in hours) | N9: Costs (in EUR)
B10: ORDER | C10: ID | D10: Parent | E10: Type | F10: Assignee | G10: Role | H10: Activity | I10: Status | J10: Start moment | K10: End moment | L10: Expected | M10: Actual | N10: Expected | O10: Actual | P10: Description
B11: 1 | C11: =IF(ISBLANK(E11), "", _xlfn.CONCAT("T", TEXT(B11, "0000"), "/", VLOOKUP(E11, Internal!$B$35:C$39, 2, FALSE), IF(OR(E11="QA", E11="Revision"), _xlfn.CONCAT("/", D11), ""))) -> T0001/M | E11: Management | F11: manbuzmun | G11: Manager | H11: Initialise repository | I11: =IF(AND(J11="",K11=""),"",IF(AND(K11<>"",J11>=NOW()),"Planned",IF(AND(K11<>"",K11<NOW()),"Completed","Ongoing"))) -> Completed | J11: 46059.574 | K11: 46059.61 | L11: 1 | M11: 1 | N11: =IF(ISBLANK(G11), "", L11*VLOOKUP(G11,Internal!$B$26:$C$32,2,FALSE)) -> 50 | O11: =IF(ISBLANK(G11), "", M11*VLOOKUP(G11,Internal!$B$26:$C$32,2,FALSE)) -> 50
B12: 2 | C12: =IF(ISBLANK(E12), "", _xlfn.CONCAT("T", TEXT(B12, "0000"), "/", VLOOKUP(E12, Internal!$B$35:C$39, 2, FALSE), IF(OR(E12="QA", E12="Revision"), _xlfn.CONCAT("/", D12), ""))) -> T0002/M | E12: Management | F12: manbuzmun | G12: Manager | H12: Write report | I12: Completed | J12: 46059.574 | K12: 46059.771 | L12: 3 | M12: 4.3 | N12: =IF(ISBLANK(G12), "", L12*VLOOKUP(G12,Internal!$B$26:$C$32,2,FALSE)) -> 150 | O12: =IF(ISBLANK(G12), "", M12*VLOOKUP(G12,Internal!$B$26:$C$32,2,FALSE)) -> 215 | P12: Chartering Report
B13: 3 | C13: =IF(ISBLANK(E13), "", _xlfn.CONCAT("T", TEXT(B13, "0000"), "/", VLOOKUP(E13, Internal!$B$35:C$39, 2, FALSE), IF(OR(E13="QA", E13="Revision"), _xlfn.CONCAT("/", D13), ""))) -> T0003/M | E13: Management | F13: manbuzmun | G13: Manager | H13: Other (Describe) | I13: Completed | J13: 46059.792 | K13: 46059.883 | L13: 3 | M13: 2.12 | N13: =IF(ISBLANK(G13), "", L13*VLOOKUP(G13,Internal!$B$26:$C$32,2,FALSE)) -> 150 | O13: =IF(ISBLANK(G13), "", M13*VLOOKUP(G13,Internal!$B$26:$C$32,2,FALSE)) -> 106 | P13: Instantiate the starter project "Hello-World" as "Acme-Starters-C"
B14: 4 | C14: =IF(ISBLANK(E14), "", _xlfn.CONCAT("T", TEXT(B14, "0000"), "/", VLOOKUP(E14, Internal!$B$35:C$39, 2, FALSE), IF(OR(E14="QA", E14="Revision"), _xlfn.CONCAT("/", D14), ""))) -> T0004/M | E14: Management | F14: juaprifer | G14: Developer | H14: Implement feature | I14: Completed | K14: 46067.542 | N14: =IF(ISBLANK(G14), "", L14*VLOOKUP(G14,Internal!$B$26:$C$32,2,FALSE)) -> 0 | O14: =IF(ISBLANK(G14), "", M14*VLOOKUP(G14,Internal!$B$26:$C$32,2,FALSE)) -> 0 | P14: Administrator Accounts with credentials "administrator1/administrator1" and "administrator2/administrator2"
B15: 5 | C15: =IF(ISBLANK(E15), "", _xlfn.CONCAT("T", TEXT(B15, "0000"), "/", VLOOKUP(E15, Internal!$B$35:C$39, 2, FALSE), IF(OR(E15="QA", E15="Revision"), _xlfn.CONCAT("/", D15), ""))) -> T0005/D | E15: Development | F15: manbuzmun | G15: Developer | H15: Implement feature | I15: Completed | L15: 2 | M15: 2 | N15: =IF(ISBLANK(G15), "", L15*VLOOKUP(G15,Internal!$B$26:$C$32,2,FALSE)) -> 50 | O15: =IF(ISBLANK(G15), "", M15*VLOOKUP(G15,Internal!$B$26:$C$32,2,FALSE)) -> 50 | P15: Implement the constraints that are sketched in file "Model-CG.ufx"
B16: 6 | C16: =IF(ISBLANK(E16), "", _xlfn.CONCAT("T", TEXT(B16, "0000"), "/", VLOOKUP(E16, Internal!$B$35:C$39, 2, FALSE), IF(OR(E16="QA", E16="Revision"), _xlfn.CONCAT("/", D16), ""))) -> T0006/D | E16: Development | F16: juaprifer | G16: Developer | H16: Implement feature | I16: Completed | N16: =IF(ISBLANK(G16), "", L16*VLOOKUP(G16,Internal!$B$26:$C$32,2,FALSE)) -> 0 | O16: =IF(ISBLANK(G16), "", M16*VLOOKUP(G16,Internal!$B$26:$C$32,2,FALSE)) -> 0 | P16: Implement the constraints that are sketched in file "Model-CG.ufx"
B17: 7 | C17: =IF(ISBLANK(E17), "", _xlfn.CONCAT("T", TEXT(B17, "0000"), "/", VLOOKUP(E17, Internal!$B$35:C$39, 2, FALSE), IF(OR(E17="QA", E17="Revision"), _xlfn.CONCAT("/", D17), ""))) -> T0007/R/ | E17: Revision | F17: manortper1 | G17: Tester | H17: Check deliverable | I17: Planned | L17: 1 | M17: 0 | N17: =IF(ISBLANK(G17), "", L17*VLOOKUP(G17,Internal!$B$26:$C$32,2,FALSE)) -> 30 | O17: =IF(ISBLANK(G17), "", M17*VLOOKUP(G17,Internal!$B$26:$C$32,2,FALSE)) -> 0
B18: 8 | C18: =IF(ISBLANK(E18), "", _xlfn.CONCAT("T", TEXT(B18, "0000"), "/", VLOOKUP(E18, Internal!$B$35:C$39, 2, FALSE), IF(OR(E18="QA", E18="Revision"), _xlfn.CONCAT("/", D18), ""))) -> T0008/D | E18: Development | F18: ALL | G18: Developer | H18: Customise the starter | I18: Completed | L18: 3 | M18: 3 | N18: =IF(ISBLANK(G18), "", L18*VLOOKUP(G18,Internal!$B$26:$C$32,2,FALSE)) -> 75 | O18: =IF(ISBLANK(G18), "", M18*VLOOKUP(G18,Internal!$B$26:$C$32,2,FALSE)) -> 75
B19: 9 | C19: =IF(ISBLANK(E19), "", _xlfn.CONCAT("T", TEXT(B19, "0000"), "/", VLOOKUP(E19, Internal!$B$35:C$39, 2, FALSE), IF(OR(E19="QA", E19="Revision"), _xlfn.CONCAT("/", D19), ""))) -> T0009/D | E19: Development | F19: ALL | G19: Developer | H19: Implement feature | I19: Completed | L19: 25 | M19: 25 | N19: =IF(ISBLANK(G19), "", L19*VLOOKUP(G19,Internal!$B$26:$C$32,2,FALSE)) -> 625 | O19: =IF(ISBLANK(G19), "", M19*VLOOKUP(G19,Internal!$B$26:$C$32,2,FALSE)) -> 625 | P19: Implemnt the data model that is sketched in file "Model-C0n.uxf"
B20: 10 | C20: =IF(ISBLANK(E20), "", _xlfn.CONCAT("T", TEXT(B20, "0000"), "/", VLOOKUP(E20, Internal!$B$35:C$39, 2, FALSE), IF(OR(E20="QA", E20="Revision"), _xlfn.CONCAT("/", D20), ""))) -> T0010/D | E20: Development | F20: manbuzmun | G20: Developer | H20: Implement feature | I20: Planned | L20: 15 | M20: 0 | N20: =IF(ISBLANK(G20), "", L20*VLOOKUP(G20,Internal!$B$26:$C$32,2,FALSE)) -> 375 | O20: =IF(ISBLANK(G20), "", M20*VLOOKUP(G20,Internal!$B$26:$C$32,2,FALSE)) -> 0 | P20: Functional Requirements
B21: 11 | C21: =IF(ISBLANK(E21), "", _xlfn.CONCAT("T", TEXT(B21, "0000"), "/", VLOOKUP(E21, Internal!$B$35:C$39, 2, FALSE), IF(OR(E21="QA", E21="Revision"), _xlfn.CONCAT("/", D21), ""))) -> T0011/D | E21: Development | F21: juaprifer | G21: Developer | H21: Implement feature | I21: Planned | L21: 15 | M21: 0 | N21: =IF(ISBLANK(G21), "", L21*VLOOKUP(G21,Internal!$B$26:$C$32,2,FALSE)) -> 375 | O21: =IF(ISBLANK(G21), "", M21*VLOOKUP(G21,Internal!$B$26:$C$32,2,FALSE)) -> 0 | P21: Functional Requirements
B22: 12 | C22: =IF(ISBLANK(E22), "", _xlfn.CONCAT("T", TEXT(B22, "0000"), "/", VLOOKUP(E22, Internal!$B$35:C$39, 2, FALSE), IF(OR(E22="QA", E22="Revision"), _xlfn.CONCAT("/", D22), ""))) -> T0012/D | E22: Development | F22: manlavcor | G22: Developer | H22: Implement feature | I22: Planned | L22: 15 | M22: 0 | N22: =IF(ISBLANK(G22), "", L22*VLOOKUP(G22,Internal!$B$26:$C$32,2,FALSE)) -> 375 | O22: =IF(ISBLANK(G22), "", M22*VLOOKUP(G22,Internal!$B$26:$C$32,2,FALSE)) -> 0 | P22: Functional Requirements
B23: 13 | C23: =IF(ISBLANK(E23), "", _xlfn.CONCAT("T", TEXT(B23, "0000"), "/", VLOOKUP(E23, Internal!$B$35:C$39, 2, FALSE), IF(OR(E23="QA", E23="Revision"), _xlfn.CONCAT("/", D23), ""))) -> T0013/D | E23: Development | F23: manortper1 | G23: Developer | H23: Implement feature | I23: Planned | L23: 15 | M23: 0 | N23: =IF(ISBLANK(G23), "", L23*VLOOKUP(G23,Internal!$B$26:$C$32,2,FALSE)) -> 375 | O23: =IF(ISBLANK(G23), "", M23*VLOOKUP(G23,Internal!$B$26:$C$32,2,FALSE)) -> 0 | P23: Functional Requirements
B24: 14 | C24: =IF(ISBLANK(E24), "", _xlfn.CONCAT("T", TEXT(B24, "0000"), "/", VLOOKUP(E24, Internal!$B$35:C$39, 2, FALSE), IF(OR(E24="QA", E24="Revision"), _xlfn.CONCAT("/", D24), ""))) -> T0014/D | E24: Development | F24: sanrodper | G24: Developer | H24: Implement feature | I24: Planned | L24: 15 | M24: 0 | N24: =IF(ISBLANK(G24), "", L24*VLOOKUP(G24,Internal!$B$26:$C$32,2,FALSE)) -> 375 | O24: =IF(ISBLANK(G24), "", M24*VLOOKUP(G24,Internal!$B$26:$C$32,2,FALSE)) -> 0 | P24: Functional Requirements
B25: 15 | C25: =IF(ISBLANK(E25), "", _xlfn.CONCAT("T", TEXT(B25, "0000"), "/", VLOOKUP(E25, Internal!$B$35:C$39, 2, FALSE), IF(OR(E25="QA", E25="Revision"), _xlfn.CONCAT("/", D25), ""))) -> T0015/D | E25: Development | F25: manbuzmun | G25: Developer | H25: Implement feature | I25: Planned | L25: 7 | M25: 0 | N25: =IF(ISBLANK(G25), "", L25*VLOOKUP(G25,Internal!$B$26:$C$32,2,FALSE)) -> 175 | O25: =IF(ISBLANK(G25), "", M25*VLOOKUP(G25,Internal!$B$26:$C$32,2,FALSE)) -> 0 | P25: Non Functional Requirements
B26: 16 | C26: =IF(ISBLANK(E26), "", _xlfn.CONCAT("T", TEXT(B26, "0000"), "/", VLOOKUP(E26, Internal!$B$35:C$39, 2, FALSE), IF(OR(E26="QA", E26="Revision"), _xlfn.CONCAT("/", D26), ""))) -> T0016/D | E26: Development | F26: juaprifer | G26: Developer | H26: Implement feature | I26: Planned | L26: 7 | M26: 0 | N26: =IF(ISBLANK(G26), "", L26*VLOOKUP(G26,Internal!$B$26:$C$32,2,FALSE)) -> 175 | O26: =IF(ISBLANK(G26), "", M26*VLOOKUP(G26,Internal!$B$26:$C$32,2,FALSE)) -> 0 | P26: Non Functional Requirements
B27: 17 | C27: =IF(ISBLANK(E27), "", _xlfn.CONCAT("T", TEXT(B27, "0000"), "/", VLOOKUP(E27, Internal!$B$35:C$39, 2, FALSE), IF(OR(E27="QA", E27="Revision"), _xlfn.CONCAT("/", D27), ""))) -> T0017/D | E27: Development | F27: manlavcor | G27: Developer | H27: Implement feature | I27: Planned | L27: 7 | M27: 0 | N27: =IF(ISBLANK(G27), "", L27*VLOOKUP(G27,Internal!$B$26:$C$32,2,FALSE)) -> 175 | O27: =IF(ISBLANK(G27), "", M27*VLOOKUP(G27,Internal!$B$26:$C$32,2,FALSE)) -> 0 | P27: Non Functional Requirements
B28: 18 | C28: =IF(ISBLANK(E28), "", _xlfn.CONCAT("T", TEXT(B28, "0000"), "/", VLOOKUP(E28, Internal!$B$35:C$39, 2, FALSE), IF(OR(E28="QA", E28="Revision"), _xlfn.CONCAT("/", D28), ""))) -> T0018/D | E28: Development | F28: manortper1 | G28: Developer | H28: Implement feature | I28: Planned | L28: 7 | M28: 0 | N28: =IF(ISBLANK(G28), "", L28*VLOOKUP(G28,Internal!$B$26:$C$32,2,FALSE)) -> 175 | O28: =IF(ISBLANK(G28), "", M28*VLOOKUP(G28,Internal!$B$26:$C$32,2,FALSE)) -> 0 | P28: Non Functional Requirements
B29: 19 | C29: =IF(ISBLANK(E29), "", _xlfn.CONCAT("T", TEXT(B29, "0000"), "/", VLOOKUP(E29, Internal!$B$35:C$39, 2, FALSE), IF(OR(E29="QA", E29="Revision"), _xlfn.CONCAT("/", D29), ""))) -> T0019/D | E29: Development | F29: sanrodper | G29: Developer | H29: Implement feature | I29: Planned | L29: 7 | M29: 0 | N29: =IF(ISBLANK(G29), "", L29*VLOOKUP(G29,Internal!$B$26:$C$32,2,FALSE)) -> 175 | O29: =IF(ISBLANK(G29), "", M29*VLOOKUP(G29,Internal!$B$26:$C$32,2,FALSE)) -> 0 | P29: Non Functional Requirements
B30: 20 | C30: =IF(ISBLANK(E30), "", _xlfn.CONCAT("T", TEXT(B30, "0000"), "/", VLOOKUP(E30, Internal!$B$35:C$39, 2, FALSE), IF(OR(E30="QA", E30="Revision"), _xlfn.CONCAT("/", D30), ""))) -> T0020/D | E30: Development | F30: manbuzmun | G30: Tester | H30: Test feature formally | I30: Planned | L30: 3 | M30: 0 | N30: =IF(ISBLANK(G30), "", L30*VLOOKUP(G30,Internal!$B$26:$C$32,2,FALSE)) -> 90 | O30: =IF(ISBLANK(G30), "", M30*VLOOKUP(G30,Internal!$B$26:$C$32,2,FALSE)) -> 0 | P30: Testing Requirements
... B34: 24 | C34: =IF(ISBLANK(E34), "", _xlfn.CONCAT("T", TEXT(B34, "0000"), "/", VLOOKUP(E34, Internal!$B$35:C$39, 2, FALSE), IF(OR(E34="QA", E34="Revision"), _xlfn.CONCAT("/", D34), ""))) -> T0024/D | E34: Development | F34: sanrodper | G34: Tester | H34: Test feature formally | I34: Planned | L34: 3 | M34: 0 | N34: =IF(ISBLANK(G34), "", L34*VLOOKUP(G34,Internal!$B$26:$C$32,2,FALSE)) -> 90 | O34: =IF(ISBLANK(G34), "", M34*VLOOKUP(G34,Internal!$B$26:$C$32,2,FALSE)) -> 0 | P34: Testing Requirements
B35: 25 | C35: =IF(ISBLANK(E35), "", _xlfn.CONCAT("T", TEXT(B35, "0000"), "/", VLOOKUP(E35, Internal!$B$35:C$39, 2, FALSE), IF(OR(E35="QA", E35="Revision"), _xlfn.CONCAT("/", D35), ""))) | I35: =IF(AND(J35="",K35=""),"",IF(AND(K35<>"",J35>=NOW()),"Planned",IF(AND(K35<>"",K35<NOW()),"Completed","Ongoing"))) | N35: =IF(ISBLANK(G35), "", L35*VLOOKUP(G35,Internal!$B$26:$C$32,2,FALSE)) | O35: =IF(ISBLANK(G35), "", M35*VLOOKUP(G35,Internal!$B$26:$C$32,2,FALSE))
B36: 26 | C36: =IF(ISBLANK(E36), "", _xlfn.CONCAT("T", TEXT(B36, "0000"), "/", VLOOKUP(E36, Internal!$B$35:C$39, 2, FALSE), IF(OR(E36="QA", E36="Revision"), _xlfn.CONCAT("/", D36), ""))) | I36: =IF(AND(J36="",K36=""),"",IF(AND(K36<>"",J36>=NOW()),"Planned",IF(AND(K36<>"",K36<NOW()),"Completed","Ongoing"))) | N36: =IF(ISBLANK(G36), "", L36*VLOOKUP(G36,Internal!$B$26:$C$32,2,FALSE)) | O36: =IF(ISBLANK(G36), "", M36*VLOOKUP(G36,Internal!$B$26:$C$32,2,FALSE))
B37: 27 | C37: =IF(ISBLANK(E37), "", _xlfn.CONCAT("T", TEXT(B37, "0000"), "/", VLOOKUP(E37, Internal!$B$35:C$39, 2, FALSE), IF(OR(E37="QA", E37="Revision"), _xlfn.CONCAT("/", D37), ""))) | I37: =IF(AND(J37="",K37=""),"",IF(AND(K37<>"",J37>=NOW()),"Planned",IF(AND(K37<>"",K37<NOW()),"Completed","Ongoing"))) | N37: =IF(ISBLANK(G37), "", L37*VLOOKUP(G37,Internal!$B$26:$C$32,2,FALSE)) | O37: =IF(ISBLANK(G37), "", M37*VLOOKUP(G37,Internal!$B$26:$C$32,2,FALSE))
B38: 28 | C38: =IF(ISBLANK(E38), "", _xlfn.CONCAT("T", TEXT(B38, "0000"), "/", VLOOKUP(E38, Internal!$B$35:C$39, 2, FALSE), IF(OR(E38="QA", E38="Revision"), _xlfn.CONCAT("/", D38), ""))) | I38: =IF(AND(J38="",K38=""),"",IF(AND(K38<>"",J38>=NOW()),"Planned",IF(AND(K38<>"",K38<NOW()),"Completed","Ongoing"))) | N38: =IF(ISBLANK(G38), "", L38*VLOOKUP(G38,Internal!$B$26:$C$32,2,FALSE)) | O38: =IF(ISBLANK(G38), "", M38*VLOOKUP(G38,Internal!$B$26:$C$32,2,FALSE))
B39: 29 | C39: =IF(ISBLANK(E39), "", _xlfn.CONCAT("T", TEXT(B39, "0000"), "/", VLOOKUP(E39, Internal!$B$35:C$39, 2, FALSE), IF(OR(E39="QA", E39="Revision"), _xlfn.CONCAT("/", D39), ""))) | I39: =IF(AND(J39="",K39=""),"",IF(AND(K39<>"",J39>=NOW()),"Planned",IF(AND(K39<>"",K39<NOW()),"Completed","Ongoing"))) | N39: =IF(ISBLANK(G39), "", L39*VLOOKUP(G39,Internal!$B$26:$C$32,2,FALSE)) | O39: =IF(ISBLANK(G39), "", M39*VLOOKUP(G39,Internal!$B$26:$C$32,2,FALSE))
B40: 30 | C40: =IF(ISBLANK(E40), "", _xlfn.CONCAT("T", TEXT(B40, "0000"), "/", VLOOKUP(E40, Internal!$B$35:C$39, 2, FALSE), IF(OR(E40="QA", E40="Revision"), _xlfn.CONCAT("/", D40), ""))) | I40: =IF(AND(J40="",K40=""),"",IF(AND(K40<>"",J40>=NOW()),"Planned",IF(AND(K40<>"",K40<NOW()),"Completed","Ongoing"))) | N40: =IF(ISBLANK(G40), "", L40*VLOOKUP(G40,Internal!$B$26:$C$32,2,FALSE)) | O40: =IF(ISBLANK(G40), "", M40*VLOOKUP(G40,Internal!$B$26:$C$32,2,FALSE))
B41: 31 | C41: =IF(ISBLANK(E41), "", _xlfn.CONCAT("T", TEXT(B41, "0000"), "/", VLOOKUP(E41, Internal!$B$35:C$39, 2, FALSE), IF(OR(E41="QA", E41="Revision"), _xlfn.CONCAT("/", D41), ""))) | I41: =IF(AND(J41="",K41=""),"",IF(AND(K41<>"",J41>=NOW()),"Planned",IF(AND(K41<>"",K41<NOW()),"Completed","Ongoing"))) | N41: =IF(ISBLANK(G41), "", L41*VLOOKUP(G41,Internal!$B$26:$C$32,2,FALSE)) | O41: =IF(ISBLANK(G41), "", M41*VLOOKUP(G41,Internal!$B$26:$C$32,2,FALSE))
B42: 32 | C42: =IF(ISBLANK(E42), "", _xlfn.CONCAT("T", TEXT(B42, "0000"), "/", VLOOKUP(E42, Internal!$B$35:C$39, 2, FALSE), IF(OR(E42="QA", E42="Revision"), _xlfn.CONCAT("/", D42), ""))) | I42: =IF(AND(J42="",K42=""),"",IF(AND(K42<>"",J42>=NOW()),"Planned",IF(AND(K42<>"",K42<NOW()),"Completed","Ongoing"))) | N42: =IF(ISBLANK(G42), "", L42*VLOOKUP(G42,Internal!$B$26:$C$32,2,FALSE)) | O42: =IF(ISBLANK(G42), "", M42*VLOOKUP(G42,Internal!$B$26:$C$32,2,FALSE))
B43: 33 | C43: =IF(ISBLANK(E43), "", _xlfn.CONCAT("T", TEXT(B43, "0000"), "/", VLOOKUP(E43, Internal!$B$35:C$39, 2, FALSE), IF(OR(E43="QA", E43="Revision"), _xlfn.CONCAT("/", D43), ""))) | I43: =IF(AND(J43="",K43=""),"",IF(AND(K43<>"",J43>=NOW()),"Planned",IF(AND(K43<>"",K43<NOW()),"Completed","Ongoing"))) | N43: =IF(ISBLANK(G43), "", L43*VLOOKUP(G43,Internal!$B$26:$C$32,2,FALSE)) | O43: =IF(ISBLANK(G43), "", M43*VLOOKUP(G43,Internal!$B$26:$C$32,2,FALSE))
B44: 34 | C44: =IF(ISBLANK(E44), "", _xlfn.CONCAT("T", TEXT(B44, "0000"), "/", VLOOKUP(E44, Internal!$B$35:C$39, 2, FALSE), IF(OR(E44="QA", E44="Revision"), _xlfn.CONCAT("/", D44), ""))) | I44: =IF(AND(J44="",K44=""),"",IF(AND(K44<>"",J44>=NOW()),"Planned",IF(AND(K44<>"",K44<NOW()),"Completed","Ongoing"))) | N44: =IF(ISBLANK(G44), "", L44*VLOOKUP(G44,Internal!$B$26:$C$32,2,FALSE)) | O44: =IF(ISBLANK(G44), "", M44*VLOOKUP(G44,Internal!$B$26:$C$32,2,FALSE))
B45: 35 | C45: =IF(ISBLANK(E45), "", _xlfn.CONCAT("T", TEXT(B45, "0000"), "/", VLOOKUP(E45, Internal!$B$35:C$39, 2, FALSE), IF(OR(E45="QA", E45="Revision"), _xlfn.CONCAT("/", D45), ""))) | I45: =IF(AND(J45="",K45=""),"",IF(AND(K45<>"",J45>=NOW()),"Planned",IF(AND(K45<>"",K45<NOW()),"Completed","Ongoing"))) | N45: =IF(ISBLANK(G45), "", L45*VLOOKUP(G45,Internal!$B$26:$C$32,2,FALSE)) | O45: =IF(ISBLANK(G45), "", M45*VLOOKUP(G45,Internal!$B$26:$C$32,2,FALSE))
B46: 36 | C46: =IF(ISBLANK(E46), "", _xlfn.CONCAT("T", TEXT(B46, "0000"), "/", VLOOKUP(E46, Internal!$B$35:C$39, 2, FALSE), IF(OR(E46="QA", E46="Revision"), _xlfn.CONCAT("/", D46), ""))) | I46: =IF(AND(J46="",K46=""),"",IF(AND(K46<>"",J46>=NOW()),"Planned",IF(AND(K46<>"",K46<NOW()),"Completed","Ongoing"))) | N46: =IF(ISBLANK(G46), "", L46*VLOOKUP(G46,Internal!$B$26:$C$32,2,FALSE)) | O46: =IF(ISBLANK(G46), "", M46*VLOOKUP(G46,Internal!$B$26:$C$32,2,FALSE))
... B110: 100 | C110: =IF(ISBLANK(E110), "", _xlfn.CONCAT("T", TEXT(B110, "0000"), "/", VLOOKUP(E110, Internal!$B$35:C$39, 2, FALSE), IF(OR(E110="QA", E110="Revision"), _xlfn.CONCAT("/", D110), ""))) | I110: =IF(AND(J110="",K110=""),"",IF(AND(K110<>"",J110>=NOW()),"Planned",IF(AND(K110<>"",K110<NOW()),"Completed","Ongoing"))) | N110: =IF(ISBLANK(G110), "", L110*VLOOKUP(G110,Internal!$B$26:$C$32,2,FALSE)) | O110: =IF(ISBLANK(G110), "", M110*VLOOKUP(G110,Internal!$B$26:$C$32,2,FALSE))

Sheet D02
C2: Deliverable D01
C4: Use this form to document the tasks that you perform in your projects. Please, review the colour code in the "Abstract" sheet. In the exceptional case that you need to perform more tasks than expected, add them at the end.
C6: Costs | D6: Expected: | E6: =SUM(N11:N110) -> 0
D7: Actual: | E7: =SUM(O11:O110) -> 0
J9: Execution period | L9: Workload (in hours) | N9: Costs (in EUR)
B10: ORDER | C10: ID | D10: Parent | E10: Type | F10: Assignee | G10: Role | H10: Activity | I10: Status | J10: Start moment | K10: End moment | L10: Expected | M10: Actual | N10: Expected | O10: Actual | P10: Description
B11: 1 | C11: =IF(ISBLANK(E11), "", _xlfn.CONCAT("T", TEXT(B11, "0000"), "/", VLOOKUP(E11, Internal!$B$35:C$39, 2, FALSE), IF(OR(E11="QA", E11="Revision"), _xlfn.CONCAT("/", D11), ""))) | I11: =IF(AND(J11="",K11=""),"",IF(AND(K11<>"",J11>=NOW()),"Planned",IF(AND(K11<>"",K11<NOW()),"Completed","Ongoing"))) | N11: =IF(ISBLANK(G11), "", L11*VLOOKUP(G11,Internal!$B$26:$C$32,2,FALSE)) | O11: =IF(ISBLANK(G11), "", M11*VLOOKUP(G11,Internal!$B$26:$C$32,2,FALSE))
B12: 2 | C12: =IF(ISBLANK(E12), "", _xlfn.CONCAT("T", TEXT(B12, "0000"), "/", VLOOKUP(E12, Internal!$B$35:C$39, 2, FALSE), IF(OR(E12="QA", E12="Revision"), _xlfn.CONCAT("/", D12), ""))) | I12: =IF(AND(J12="",K12=""),"",IF(AND(K12<>"",J12>=NOW()),"Planned",IF(AND(K12<>"",K12<NOW()),"Completed","Ongoing"))) | N12: =IF(ISBLANK(G12), "", L12*VLOOKUP(G12,Internal!$B$26:$C$32,2,FALSE)) | O12: =IF(ISBLANK(G12), "", M12*VLOOKUP(G12,Internal!$B$26:$C$32,2,FALSE))
B13: 3 | C13: =IF(ISBLANK(E13), "", _xlfn.CONCAT("T", TEXT(B13, "0000"), "/", VLOOKUP(E13, Internal!$B$35:C$39, 2, FALSE), IF(OR(E13="QA", E13="Revision"), _xlfn.CONCAT("/", D13), ""))) | I13: =IF(AND(J13="",K13=""),"",IF(AND(K13<>"",J13>=NOW()),"Planned",IF(AND(K13<>"",K13<NOW()),"Completed","Ongoing"))) | N13: =IF(ISBLANK(G13), "", L13*VLOOKUP(G13,Internal!$B$26:$C$32,2,FALSE)) | O13: =IF(ISBLANK(G13), "", M13*VLOOKUP(G13,Internal!$B$26:$C$32,2,FALSE))
B14: 4 | C14: =IF(ISBLANK(E14), "", _xlfn.CONCAT("T", TEXT(B14, "0000"), "/", VLOOKUP(E14, Internal!$B$35:C$39, 2, FALSE), IF(OR(E14="QA", E14="Revision"), _xlfn.CONCAT("/", D14), ""))) | I14: =IF(AND(J14="",K14=""),"",IF(AND(K14<>"",J14>=NOW()),"Planned",IF(AND(K14<>"",K14<NOW()),"Completed","Ongoing"))) | N14: =IF(ISBLANK(G14), "", L14*VLOOKUP(G14,Internal!$B$26:$C$32,2,FALSE)) | O14: =IF(ISBLANK(G14), "", M14*VLOOKUP(G14,Internal!$B$26:$C$32,2,FALSE))
B15: 5 | C15: =IF(ISBLANK(E15), "", _xlfn.CONCAT("T", TEXT(B15, "0000"), "/", VLOOKUP(E15, Internal!$B$35:C$39, 2, FALSE), IF(OR(E15="QA", E15="Revision"), _xlfn.CONCAT("/", D15), ""))) | I15: =IF(AND(J15="",K15=""),"",IF(AND(K15<>"",J15>=NOW()),"Planned",IF(AND(K15<>"",K15<NOW()),"Completed","Ongoing"))) | N15: =IF(ISBLANK(G15), "", L15*VLOOKUP(G15,Internal!$B$26:$C$32,2,FALSE)) | O15: =IF(ISBLANK(G15), "", M15*VLOOKUP(G15,Internal!$B$26:$C$32,2,FALSE))
B16: 6 | C16: =IF(ISBLANK(E16), "", _xlfn.CONCAT("T", TEXT(B16, "0000"), "/", VLOOKUP(E16, Internal!$B$35:C$39, 2, FALSE), IF(OR(E16="QA", E16="Revision"), _xlfn.CONCAT("/", D16), ""))) | I16: =IF(AND(J16="",K16=""),"",IF(AND(K16<>"",J16>=NOW()),"Planned",IF(AND(K16<>"",K16<NOW()),"Completed","Ongoing"))) | N16: =IF(ISBLANK(G16), "", L16*VLOOKUP(G16,Internal!$B$26:$C$32,2,FALSE)) | O16: =IF(ISBLANK(G16), "", M16*VLOOKUP(G16,Internal!$B$26:$C$32,2,FALSE))
B17: 7 | C17: =IF(ISBLANK(E17), "", _xlfn.CONCAT("T", TEXT(B17, "0000"), "/", VLOOKUP(E17, Internal!$B$35:C$39, 2, FALSE), IF(OR(E17="QA", E17="Revision"), _xlfn.CONCAT("/", D17), ""))) | I17: =IF(AND(J17="",K17=""),"",IF(AND(K17<>"",J17>=NOW()),"Planned",IF(AND(K17<>"",K17<NOW()),"Completed","Ongoing"))) | N17: =IF(ISBLANK(G17), "", L17*VLOOKUP(G17,Internal!$B$26:$C$32,2,FALSE)) | O17: =IF(ISBLANK(G17), "", M17*VLOOKUP(G17,Internal!$B$26:$C$32,2,FALSE))
B18: 8 | C18: =IF(ISBLANK(E18), "", _xlfn.CONCAT("T", TEXT(B18, "0000"), "/", VLOOKUP(E18, Internal!$B$35:C$39, 2, FALSE), IF(OR(E18="QA", E18="Revision"), _xlfn.CONCAT("/", D18), ""))) | I18: =IF(AND(J18="",K18=""),"",IF(AND(K18<>"",J18>=NOW()),"Planned",IF(AND(K18<>"",K18<NOW()),"Completed","Ongoing"))) | N18: =IF(ISBLANK(G18), "", L18*VLOOKUP(G18,Internal!$B$26:$C$32,2,FALSE)) | O18: =IF(ISBLANK(G18), "", M18*VLOOKUP(G18,Internal!$B$26:$C$32,2,FALSE))
B19: 9 | C19: =IF(ISBLANK(E19), "", _xlfn.CONCAT("T", TEXT(B19, "0000"), "/", VLOOKUP(E19, Internal!$B$35:C$39, 2, FALSE), IF(OR(E19="QA", E19="Revision"), _xlfn.CONCAT("/", D19), ""))) | I19: =IF(AND(J19="",K19=""),"",IF(AND(K19<>"",J19>=NOW()),"Planned",IF(AND(K19<>"",K19<NOW()),"Completed","Ongoing"))) | N19: =IF(ISBLANK(G19), "", L19*VLOOKUP(G19,Internal!$B$26:$C$32,2,FALSE)) | O19: =IF(ISBLANK(G19), "", M19*VLOOKUP(G19,Internal!$B$26:$C$32,2,FALSE))
B20: 10 | C20: =IF(ISBLANK(E20), "", _xlfn.CONCAT("T", TEXT(B20, "0000"), "/", VLOOKUP(E20, Internal!$B$35:C$39, 2, FALSE), IF(OR(E20="QA", E20="Revision"), _xlfn.CONCAT("/", D20), ""))) | I20: =IF(AND(J20="",K20=""),"",IF(AND(K20<>"",J20>=NOW()),"Planned",IF(AND(K20<>"",K20<NOW()),"Completed","Ongoing"))) | N20: =IF(ISBLANK(G20), "", L20*VLOOKUP(G20,Internal!$B$26:$C$32,2,FALSE)) | O20: =IF(ISBLANK(G20), "", M20*VLOOKUP(G20,Internal!$B$26:$C$32,2,FALSE))
B21: 11 | C21: =IF(ISBLANK(E21), "", _xlfn.CONCAT("T", TEXT(B21, "0000"), "/", VLOOKUP(E21, Internal!$B$35:C$39, 2, FALSE), IF(OR(E21="QA", E21="Revision"), _xlfn.CONCAT("/", D21), ""))) | I21: =IF(AND(J21="",K21=""),"",IF(AND(K21<>"",J21>=NOW()),"Planned",IF(AND(K21<>"",K21<NOW()),"Completed","Ongoing"))) | N21: =IF(ISBLANK(G21), "", L21*VLOOKUP(G21,Internal!$B$26:$C$32,2,FALSE)) | O21: =IF(ISBLANK(G21), "", M21*VLOOKUP(G21,Internal!$B$26:$C$32,2,FALSE))
B22: 12 | C22: =IF(ISBLANK(E22), "", _xlfn.CONCAT("T", TEXT(B22, "0000"), "/", VLOOKUP(E22, Internal!$B$35:C$39, 2, FALSE), IF(OR(E22="QA", E22="Revision"), _xlfn.CONCAT("/", D22), ""))) | I22: =IF(AND(J22="",K22=""),"",IF(AND(K22<>"",J22>=NOW()),"Planned",IF(AND(K22<>"",K22<NOW()),"Completed","Ongoing"))) | N22: =IF(ISBLANK(G22), "", L22*VLOOKUP(G22,Internal!$B$26:$C$32,2,FALSE)) | O22: =IF(ISBLANK(G22), "", M22*VLOOKUP(G22,Internal!$B$26:$C$32,2,FALSE))
... B110: 100 | C110: =IF(ISBLANK(E110), "", _xlfn.CONCAT("T", TEXT(B110, "0000"), "/", VLOOKUP(E110, Internal!$B$35:C$39, 2, FALSE), IF(OR(E110="QA", E110="Revision"), _xlfn.CONCAT("/", D110), ""))) | I110: =IF(AND(J110="",K110=""),"",IF(AND(K110<>"",J110>=NOW()),"Planned",IF(AND(K110<>"",K110<NOW()),"Completed","Ongoing"))) | N110: =IF(ISBLANK(G110), "", L110*VLOOKUP(G110,Internal!$B$26:$C$32,2,FALSE)) | O110: =IF(ISBLANK(G110), "", M110*VLOOKUP(G110,Internal!$B$26:$C$32,2,FALSE))

Sheet D03
C2: Deliverable D01
C4: Use this form to document the tasks that you perform in your projects. Please, review the colour code in the "Abstract" sheet. In the exceptional case that you need to perform more tasks than expected, add them at the end.
C6: Costs | D6: Expected: | E6: =SUM(N11:N110) -> 0
D7: Actual: | E7: =SUM(O11:O110) -> 0
J9: Execution period | L9: Workload (in hours) | N9: Costs (in EUR)
B10: ORDER | C10: ID | D10: Parent | E10: Type | F10: Assignee | G10: Role | H10: Activity | I10: Status | J10: Start moment | K10: End moment | L10: Expected | M10: Actual | N10: Expected | O10: Actual | P10: Description
B11: 1 | C11: =IF(ISBLANK(E11), "", _xlfn.CONCAT("T", TEXT(B11, "0000"), "/", VLOOKUP(E11, Internal!$B$35:C$39, 2, FALSE), IF(OR(E11="QA", E11="Revision"), _xlfn.CONCAT("/", D11), ""))) | I11: =IF(AND(J11="",K11=""),"",IF(AND(K11<>"",J11>=NOW()),"Planned",IF(AND(K11<>"",K11<NOW()),"Completed","Ongoing"))) | N11: =IF(ISBLANK(G11), "", L11*VLOOKUP(G11,Internal!$B$26:$C$32,2,FALSE)) | O11: =IF(ISBLANK(G11), "", M11*VLOOKUP(G11,Internal!$B$26:$C$32,2,FALSE))
B12: 2 | C12: =IF(ISBLANK(E12), "", _xlfn.CONCAT("T", TEXT(B12, "0000"), "/", VLOOKUP(E12, Internal!$B$35:C$39, 2, FALSE), IF(OR(E12="QA", E12="Revision"), _xlfn.CONCAT("/", D12), ""))) | I12: =IF(AND(J12="",K12=""),"",IF(AND(K12<>"",J12>=NOW()),"Planned",IF(AND(K12<>"",K12<NOW()),"Completed","Ongoing"))) | N12: =IF(ISBLANK(G12), "", L12*VLOOKUP(G12,Internal!$B$26:$C$32,2,FALSE)) | O12: =IF(ISBLANK(G12), "", M12*VLOOKUP(G12,Internal!$B$26:$C$32,2,FALSE))
B13: 3 | C13: =IF(ISBLANK(E13), "", _xlfn.CONCAT("T", TEXT(B13, "0000"), "/", VLOOKUP(E13, Internal!$B$35:C$39, 2, FALSE), IF(OR(E13="QA", E13="Revision"), _xlfn.CONCAT("/", D13), ""))) | I13: =IF(AND(J13="",K13=""),"",IF(AND(K13<>"",J13>=NOW()),"Planned",IF(AND(K13<>"",K13<NOW()),"Completed","Ongoing"))) | N13: =IF(ISBLANK(G13), "", L13*VLOOKUP(G13,Internal!$B$26:$C$32,2,FALSE)) | O13: =IF(ISBLANK(G13), "", M13*VLOOKUP(G13,Internal!$B$26:$C$32,2,FALSE))
B14: 4 | C14: =IF(ISBLANK(E14), "", _xlfn.CONCAT("T", TEXT(B14, "0000"), "/", VLOOKUP(E14, Internal!$B$35:C$39, 2, FALSE), IF(OR(E14="QA", E14="Revision"), _xlfn.CONCAT("/", D14), ""))) | I14: =IF(AND(J14="",K14=""),"",IF(AND(K14<>"",J14>=NOW()),"Planned",IF(AND(K14<>"",K14<NOW()),"Completed","Ongoing"))) | N14: =IF(ISBLANK(G14), "", L14*VLOOKUP(G14,Internal!$B$26:$C$32,2,FALSE)) | O14: =IF(ISBLANK(G14), "", M14*VLOOKUP(G14,Internal!$B$26:$C$32,2,FALSE))
B15: 5 | C15: =IF(ISBLANK(E15), "", _xlfn.CONCAT("T", TEXT(B15, "0000"), "/", VLOOKUP(E15, Internal!$B$35:C$39, 2, FALSE), IF(OR(E15="QA", E15="Revision"), _xlfn.CONCAT("/", D15), ""))) | I15: =IF(AND(J15="",K15=""),"",IF(AND(K15<>"",J15>=NOW()),"Planned",IF(AND(K15<>"",K15<NOW()),"Completed","Ongoing"))) | N15: =IF(ISBLANK(G15), "", L15*VLOOKUP(G15,Internal!$B$26:$C$32,2,FALSE)) | O15: =IF(ISBLANK(G15), "", M15*VLOOKUP(G15,Internal!$B$26:$C$32,2,FALSE))
B16: 6 | C16: =IF(ISBLANK(E16), "", _xlfn.CONCAT("T", TEXT(B16, "0000"), "/", VLOOKUP(E16, Internal!$B$35:C$39, 2, FALSE), IF(OR(E16="QA", E16="Revision"), _xlfn.CONCAT("/", D16), ""))) | I16: =IF(AND(J16="",K16=""),"",IF(AND(K16<>"",J16>=NOW()),"Planned",IF(AND(K16<>"",K16<NOW()),"Completed","Ongoing"))) | N16: =IF(ISBLANK(G16), "", L16*VLOOKUP(G16,Internal!$B$26:$C$32,2,FALSE)) | O16: =IF(ISBLANK(G16), "", M16*VLOOKUP(G16,Internal!$B$26:$C$32,2,FALSE))
B17: 7 | C17: =IF(ISBLANK(E17), "", _xlfn.CONCAT("T", TEXT(B17, "0000"), "/", VLOOKUP(E17, Internal!$B$35:C$39, 2, FALSE), IF(OR(E17="QA", E17="Revision"), _xlfn.CONCAT("/", D17), ""))) | I17: =IF(AND(J17="",K17=""),"",IF(AND(K17<>"",J17>=NOW()),"Planned",IF(AND(K17<>"",K17<NOW()),"Completed","Ongoing"))) | N17: =IF(ISBLANK(G17), "", L17*VLOOKUP(G17,Internal!$B$26:$C$32,2,FALSE)) | O17: =IF(ISBLANK(G17), "", M17*VLOOKUP(G17,Internal!$B$26:$C$32,2,FALSE))
B18: 8 | C18: =IF(ISBLANK(E18), "", _xlfn.CONCAT("T", TEXT(B18, "0000"), "/", VLOOKUP(E18, Internal!$B$35:C$39, 2, FALSE), IF(OR(E18="QA", E18="Revision"), _xlfn.CONCAT("/", D18), ""))) | I18: =IF(AND(J18="",K18=""),"",IF(AND(K18<>"",J18>=NOW()),"Planned",IF(AND(K18<>"",K18<NOW()),"Completed","Ongoing"))) | N18: =IF(ISBLANK(G18), "", L18*VLOOKUP(G18,Internal!$B$26:$C$32,2,FALSE)) | O18: =IF(ISBLANK(G18), "", M18*VLOOKUP(G18,Internal!$B$26:$C$32,2,FALSE))
B19: 9 | C19: =IF(ISBLANK(E19), "", _xlfn.CONCAT("T", TEXT(B19, "0000"), "/", VLOOKUP(E19, Internal!$B$35:C$39, 2, FALSE), IF(OR(E19="QA", E19="Revision"), _xlfn.CONCAT("/", D19), ""))) | I19: =IF(AND(J19="",K19=""),"",IF(AND(K19<>"",J19>=NOW()),"Planned",IF(AND(K19<>"",K19<NOW()),"Completed","Ongoing"))) | N19: =IF(ISBLANK(G19), "", L19*VLOOKUP(G19,Internal!$B$26:$C$32,2,FALSE)) | O19: =IF(ISBLANK(G19), "", M19*VLOOKUP(G19,Internal!$B$26:$C$32,2,FALSE))
B20: 10 | C20: =IF(ISBLANK(E20), "", _xlfn.CONCAT("T", TEXT(B20, "0000"), "/", VLOOKUP(E20, Internal!$B$35:C$39, 2, FALSE), IF(OR(E20="QA", E20="Revision"), _xlfn.CONCAT("/", D20), ""))) | I20: =IF(AND(J20="",K20=""),"",IF(AND(K20<>"",J20>=NOW()),"Planned",IF(AND(K20<>"",K20<NOW()),"Completed","Ongoing"))) | N20: =IF(ISBLANK(G20), "", L20*VLOOKUP(G20,Internal!$B$26:$C$32,2,FALSE)) | O20: =IF(ISBLANK(G20), "", M20*VLOOKUP(G20,Internal!$B$26:$C$32,2,FALSE))
B21: 11 | C21: =IF(ISBLANK(E21), "", _xlfn.CONCAT("T", TEXT(B21, "0000"), "/", VLOOKUP(E21, Internal!$B$35:C$39, 2, FALSE), IF(OR(E21="QA", E21="Revision"), _xlfn.CONCAT("/", D21), ""))) | I21: =IF(AND(J21="",K21=""),"",IF(AND(K21<>"",J21>=NOW()),"Planned",IF(AND(K21<>"",K21<NOW()),"Completed","Ongoing"))) | N21: =IF(ISBLANK(G21), "", L21*VLOOKUP(G21,Internal!$B$26:$C$32,2,FALSE)) | O21: =IF(ISBLANK(G21), "", M21*VLOOKUP(G21,Internal!$B$26:$C$32,2,FALSE))
B22: 12 | C22: =IF(ISBLANK(E22), "", _xlfn.CONCAT("T", TEXT(B22, "0000"), "/", VLOOKUP(E22, Internal!$B$35:C$39, 2, FALSE), IF(OR(E22="QA", E22="Revision"), _xlfn.CONCAT("/", D22), ""))) | I22: =IF(AND(J22="",K22=""),"",IF(AND(K22<>"",J22>=NOW()),"Planned",IF(AND(K22<>"",K22<NOW()),"Completed","Ongoing"))) | N22: =IF(ISBLANK(G22), "", L22*VLOOKUP(G22,Internal!$B$26:$C$32,2,FALSE)) | O22: =IF(ISBLANK(G22), "", M22*VLOOKUP(G22,Internal!$B$26:$C$32,2,FALSE))
... B110: 100 | C110: =IF(ISBLANK(E110), "", _xlfn.CONCAT("T", TEXT(B110, "0000"), "/", VLOOKUP(E110, Internal!$B$35:C$39, 2, FALSE), IF(OR(E110="QA", E110="Revision"), _xlfn.CONCAT("/", D110), ""))) | I110: =IF(AND(J110="",K110=""),"",IF(AND(K110<>"",J110>=NOW()),"Planned",IF(AND(K110<>"",K110<NOW()),"Completed","Ongoing"))) | N110: =IF(ISBLANK(G110), "", L110*VLOOKUP(G110,Internal!$B$26:$C$32,2,FALSE)) | O110: =IF(ISBLANK(G110), "", M110*VLOOKUP(G110,Internal!$B$26:$C$32,2,FALSE))

Sheet Internal
B2: Internal data
B4: This sheet contains internal data that are used elsewhere to perform some checks and computations. Please, do not modify it al all.
B8: Prospective assignees
B9: =IF(ISBLANK(Identification!E14), "", Identification!E14) -> manbuzmun
B10: =IF(ISBLANK(Identification!E18), "", Identification!E18) -> juaprifer
B11: =IF(ISBLANK(Identification!E22), "", Identification!E22) -> manlavcor
B12: =IF(ISBLANK(Identification!E26), "", Identification!E26) -> manortper1
B13: =IF(ISBLANK(Identification!E30), "", Identification!E30) -> sanrodper
B14: ALL
B16: Statuses
B17: Planned
B18: Ongoing
B19: Finished
B21: Moments
B22: 45658
B23: 2100/31/12 23:59:59
B25: Roles | C25: Cost | D25: Tasks…
B26: Student | C26: 0 | D26: Attend lecture | E26: Study and train | F26: Attend work meeting | G26: Other (Describe)
B27: Manager | C27: 50 | D27: Make plans | E27: Make re-plannings | F27: Initialise repository | G27: Supervise task | H27: Write report | I27: Other (Describe)
B28: Analyst | C28: 40 | D28: Elicit requirements | E28: Define features | F28: Create domain model | G28: Write report | H28: Other (Describe)
B29: Developer | C29: 25 | D29: Create development configuration | E29: Customise the starter | F29: Implement feature | G29: Test feature informally | H29: Write report | I29: Other (Describe)
B30: Tester | C30: 30 | D30: Check deliverable | E30: Check delivery | F30: Test feature formally | G30: Test performance formally | H30: Write report | I30: Other (Describe)
B31: Operator | C31: 30 | D31: Prepare deployment platform | E31: Package deliverable | F31: Upload deliverable | G31: Deploy application | H31: Keep application running | I31: Write report | J31: Other (Describe)
B32: Other | C32: 10 | D32: Other (Describe)
B34: Task types | C34: Key
B35: Management | C35: M
B36: Development | C36: D
B37: QA | C37: QA
B38: Revision | C38: R
B39: Other | C39: O
